"Zeitstempel","Bitte geben Sie das Land und die Stadt an, in der Sie arbeiten:","Bitte kreuzen Sie Ihr Geschlecht an:						","Welcher der folgenden Altersgruppen geh√∂ren Sie an?","In welcher der folgenden Einrichtungen sind Sie besch√§ftigt:","In welcher Beziehung stehen Sie zu der/den pflegenden Person/en?","Wie sehr treffen die folgenden Aussagen auf Sie zu (1 - gar nicht bis 4 sehr): [Ich habe Spa√ü daran neue Technologien auszuprobieren.]","Wie sehr treffen die folgenden Aussagen auf Sie zu (1 - gar nicht bis 4 sehr): [Ich sehe keine Notwendigkeit f√ºr neue Technologien.]","Wie sehr treffen die folgenden Aussagen auf Sie zu (1 - gar nicht bis 4 sehr): [Ich habe Angst vor Ver√§nderung durch neue Technologien.]","Welche Ma√ünahmen zur Verhinderungen von St√ºrzen haben Sie in Ihrer Einrichtung bereits ergriffen?","Wie wichtig sind folgende Faktoren der Sturzdetektion (1 - unwichtig bis 4 sehr wichtig): [Der Sturz muss mit einer Genauigkeit von √ºber 90% erkannt werden.]","Wie wichtig sind folgende Faktoren der Sturzdetektion (1 - unwichtig bis 4 sehr wichtig): [Es darf kein Fehlalarm ausgel√∂st werden.]","Wie wichtig sind folgende Faktoren der Sturzdetektion (1 - unwichtig bis 4 sehr wichtig): [Ein Sturz muss auch im Dunkeln erkannt werden.]","Wie wichtig sind folgende Faktoren der Sturzdetektion (1 - unwichtig bis 4 sehr wichtig): [Ein Sturz muss auch erkannt werden, wenn sich mehrere Personen im Zimmer aufhalten.]","Wie wichtig sind folgende Faktoren der Sturzdetektion (1 - unwichtig bis 4 sehr wichtig): [Ein Sturz muss indoor als auch outdoor erkannt werden.]","Wie wichtig sind folgende Faktoren der Sturzdetektion (1 - unwichtig bis 4 sehr wichtig): [Ein Sturz muss auch erkannt werden, wenn die Person durch M√∂belst√ºcke verdeckt wird.]","Sonstiges:","Wie wichtig sind folgende Funktionen des Roboters (1 - unwichtig bis 4 sehr wichtig): [Der Roboter sollte sich mit der Kamera frei im Raum bewegen k√∂nnen.]","Wie wichtig sind folgende Funktionen des Roboters (1 - unwichtig bis 4 sehr wichtig): [Der Roboter sollte einen Sturzalarm per Email an die Pflegeperson versenden k√∂nnen.]","Wie wichtig sind folgende Funktionen des Roboters (1 - unwichtig bis 4 sehr wichtig): [Der Roboter sollte einen Sturzalarm per Anruf/SMS an die Pflegeperson versenden k√∂nnen.]","Wie wichtig sind folgende Funktionen des Roboters (1 - unwichtig bis 4 sehr wichtig): [Der Roboter sollte einer Person nicht zu nah kommen, um keine Stolperquelle zu sein.]","Wie wichtig sind folgende Funktionen des Roboters (1 - unwichtig bis 4 sehr wichtig): [Der Roboter sollte eine Tierform annehmen um eine h√∂here Akzeptanz der Bewohner zu erlangen.]","Wie wichtig sind folgende Funktionen des Roboters (1 - unwichtig bis 4 sehr wichtig): [Der Roboter sollte selbstst√§ndig zur Ladestation zur√ºckkehren]","Wie wichtig sind folgende Funktionen des Roboters (1 - unwichtig bis 4 sehr wichtig): [Der Roboter sollte eine m√∂glichst lange Betriebszeit haben.]","Wie lange sollte die Betriebszeit sein?","Sonstiges","Wo k√∂nnten Sie sich einen Einsatz des Roboters am ehesten vorstellen?","Wie teuer darf ein Sturzdetektionssystem Ihrer Meinung nach sein?","Die Zahlung sollte erfolgen:","Ist Ihrer Meinung nach ein Einsatz eines Roboters zur Sturzerkennung sinnvoll (mit Begr√ºndung)?","Welche Verbesserungen k√∂nnten Sie sich vorstellen?","K√∂nnten Sie sich weitere n√ºtzliche Funktionen des Roboters vorstellen und wenn ja, welche?"
"2022/05/19 12:57:28 PM OEZ","Deutschland  Krefeld ","weiblich","46-50","Krankenhaus","beruflich","3","1 - gar nicht","1 - gar nicht","Ausreichend Licht keine Stolperfallen ","3","2","4 - sehr wichtig","1 - unwichtig","4 - sehr wichtig","3","","3","4 - sehr wichtig","4 - sehr wichtig","4 - sehr wichtig","3","4 - sehr wichtig","4 - sehr wichtig","> 8 Stunden","","Altenheim;H√§usliche Pflege","> 1.000 ‚Ç¨","in monatlichen Raten","Ja.Grade im h√§uslichen Bereich wird der Haunotruf oft nicht am K√∂rper getragen. Bei n√§chtlichen Toiletteng√§ngen besteht eine gro√üe Sturzgefahr.Niemand sollte stundenlang hilflos und unter Schmerzen in seiner Wohnung liegen. ","Der Hund sollte auch auf verbale √Ñu√üerungen reagieren....zum Beispiel auf einen Hilferuf.","Er k√∂nnte an Medikamenteneinnahme erinnern. "
"2022/05/19 1:38:03 PM OEZ","Deutschland Krefeld ","m√§nnlich","51-60","Krankenhaus","beruflich","2","1 - gar nicht","1 - gar nicht","Bettgitter","3","2","3","3","3","3","","3","2","3","3","2","3","3","> 8 Stunden","","Altenheim","100 ‚Ç¨ - 500 ‚Ç¨","in monatlichen Raten","Ja","",""
"2022/05/19 1:49:24 PM OEZ","Deutschland, Duisburg","weiblich","21-24","Krankenhaus","beruflich","2","3","1 - gar nicht","Hilfsmittel erkl√§ren und √ºberpr√ºfen, f√ºr ausreichende Beleuchtung und festes Schuhwerk sorgen, Patientenumgebung erkl√§ren, Vitalzeichenkontrolle","4 - sehr wichtig","2","4 - sehr wichtig","4 - sehr wichtig","4 - sehr wichtig","4 - sehr wichtig","","4 - sehr wichtig","1 - unwichtig","3","4 - sehr wichtig","3","4 - sehr wichtig","4 - sehr wichtig","> 8 Stunden","","H√§usliche Pflege","100 ‚Ç¨ - 500 ‚Ç¨","in monatlichen Raten","Gerade in der h√§uslichen Pflege kann ein solches System L√ºcken in der Gew√§hrleistung der Sicherheit der Patienten schlie√üen","Vereinfachung der Bedienung f√ºr Senioren",""
"2022/05/19 2:33:16 PM OEZ","Moers, Deutschland","m√§nnlich","31-35","Krankenhaus","beruflich","4 - sehr","1 - gar nicht","1 - gar nicht","Assassements, standartisierte Ma√ünahmen der Sturzprophylaxe (Nachtlicht, feste Schuhe, sauberer Boden, etc)","4 - sehr wichtig","2","4 - sehr wichtig","1 - unwichtig","1 - unwichtig","4 - sehr wichtig","","1 - unwichtig","1 - unwichtig","1 - unwichtig","4 - sehr wichtig","1 - unwichtig","1 - unwichtig","2","> 8 Stunden","","Altenheim;Pflegeheim;Krankenhaus;H√§usliche Pflege","< 100 ‚Ç¨","einmalig","Prinzipiell ja. Ich stehe dem Einsatz dennoch skeptisch gegen√ºber. Aus Erfahrung ist jede Form der Finanzierung von egal welchen Hilfsmitteln in der Pflege schwierig. Demzufolge bezweifle ich noch, dass die H√§user so etwas √ºberhaupt finanzieren werden. Dennoch finde ich die Technologie an sich gro√üartig und hoffe, dass so etwas einmal flechendeckend zum Einsatz kommt. ","",""
"2022/05/19 9:00:18 PM OEZ","Krefeld Deutschland ","weiblich","46-50","Pflegeheim","beruflich","2","2","2","","4 - sehr wichtig","1 - unwichtig","4 - sehr wichtig","3","3","4 - sehr wichtig","","3","3","3","2","2","3","2","> 24 Stunden","","Altenheim;Pflegeheim;Krankenhaus;H√§usliche Pflege;√úberall ","< 100 ‚Ç¨","einmalig","Ja weil zu wenig Pflegepersonal ","",""
"2022/05/20 9:46:16 AM OEZ","Deutschland   krefeld ","m√§nnlich","51-60","Krankenhaus","beruflich","3","1 - gar nicht","1 - gar nicht","","4 - sehr wichtig","4 - sehr wichtig","4 - sehr wichtig","4 - sehr wichtig","4 - sehr wichtig","4 - sehr wichtig","","4 - sehr wichtig","3","4 - sehr wichtig","3","3","3","3","> 24 Stunden","","Altenheim;Pflegeheim;H√§usliche Pflege","> 500 ‚Ç¨","in monatlichen Raten","","",""
"2022/05/20 2:15:17 PM OEZ","Deutschland","m√§nnlich","36-40","Altenheim","beruflich","2","2","1 - gar nicht","Niedrigflurbett, Sturzmatte, H√ºftprotektorhose, Sensormatte, Weglaufsensor, Regelm√§ssige √úberpr√ºfung der Sedativa durch den Hausarzt","3","4 - sehr wichtig","4 - sehr wichtig","4 - sehr wichtig","3","4 - sehr wichtig","","3","3","2","4 - sehr wichtig","4 - sehr wichtig","4 - sehr wichtig","3","> 8 Stunden","","Altenheim;Pflegeheim","> 500 ‚Ç¨","einmalig","","Speicherung des ""normalen"" Tagesablaufs, bei Abweichung davon ist Sturzgefahr erh√∂ht, da sich BW nicht im gewohnten Umfeld befindet","Alkoholtester, Erkennung von Vigilanzminderung"
"2022/05/20 6:38:20 PM OEZ","Samerberg","m√§nnlich","51-60","Pflegeheim","beruflich","4 - sehr","1 - gar nicht","1 - gar nicht","Safe Exit, Sturzmatten, Niederflurbetten keine Freiheitsentziehenden Ma√ünahmen werden durchgef√ºhrt","4 - sehr wichtig","1 - unwichtig","4 - sehr wichtig","4 - sehr wichtig","4 - sehr wichtig","4 - sehr wichtig","","1 - unwichtig","1 - unwichtig","4 - sehr wichtig","4 - sehr wichtig","1 - unwichtig","4 - sehr wichtig","4 - sehr wichtig","> 24 Stunden","","H√§usliche Pflege","> 500 ‚Ç¨","in monatlichen Raten","technische oder digitale Unterst√ºtzung sind Sinnvoll solange die Wartung und Pflege der Software nicht einen noch h√∂heren Aufwand darstellt","",""
"2022/05/21 11:38:24 AM OEZ","Dortmund","weiblich","36-40","H√§usliche Pflege","beruflich","2","3","1 - gar nicht","Handlauf, festes Schuhwerk, Gehwagen. ","2","2","3","3","3","3","","2","2","3","3","3","3","2","> 8 Stunden","","Altenheim;Pflegeheim","> 500 ‚Ç¨","in monatlichen Raten","Evtl. Jedoch mehr Technik mehr Fehlerquellen. M√ºssen Techniker immer vor Ort sein. ","Mehr Personal ","ü§∑üèº‚Äç‚ôÄÔ∏è"
"2022/05/21 11:52:54 AM OEZ","Deutschland, Gelsenkirchen ","m√§nnlich","41-45","Krankenhaus","beruflich","4 - sehr","3","1 - gar nicht","Griffleisten in den G√§ngen/Fluren und Aufz√ºgen.","4 - sehr wichtig","4 - sehr wichtig","4 - sehr wichtig","4 - sehr wichtig","4 - sehr wichtig","4 - sehr wichtig","","4 - sehr wichtig","2","4 - sehr wichtig","4 - sehr wichtig","4 - sehr wichtig","4 - sehr wichtig","4 - sehr wichtig","> 8 Stunden","Im Grunde muss die Betriebszeit adaptiv mit einem Bewegungssensor gekoppelt sein, so dass z.B. w√§hrend der Schlafphasen das Ger√§t geladen wird, aber bei n√§chtlichen Harndrang der Gang zur Toilette erkannt wird.","Altenheim;Pflegeheim;H√§usliche Pflege","100 ‚Ç¨ - 500 ‚Ç¨","in monatlichen Raten","Mehr Technik, mehr Fehlerquellen. Aber grunds√§tzlich k√∂nnte man damit ggf. im h√§uslichen Fall einen Sturz fr√ºhzeitiger registrieren und handeln. ","Ein Sturzsensor in einem Gehstock, Rollator‚Ä¶. verbunden mit einem GPS-Tracker, Drucksensor auf der Grifffl√§che und einem Gyroskop. Damit w√§re es noch unauff√§lliger, handlicher, mobiler‚Ä¶","s.o."
"2022/05/22 6:46:01 PM OEZ","Deutschland, K√∂ln","weiblich","41-45","Chemieunternehmen","privat","3","1 - gar nicht","2","Entfernen von Teppichen, adequates Schuhwerk, freie Lauffl√§chen","2","2","4 - sehr wichtig","3","3","4 - sehr wichtig","","3","1 - unwichtig","4 - sehr wichtig","3","4 - sehr wichtig","4 - sehr wichtig","4 - sehr wichtig","> 8 Stunden","","H√§usliche Pflege","> 500 ‚Ç¨","in monatlichen Raten","Wenn die Familie nicht in der N√§he wohnt und der Angeh√∂rige den Notrufknopf wieder verlegt hat, ist dies eine gute Sache, um schnell Hilfe zu holen.","Keine ","Zus√§tzliche Funktion der Sprachsteuerung, um pers√∂nliche Mitteilung per SMS an Vertrauensperson zu senden."
"2022/05/22 9:57:42 PM OEZ","Deutschland M√ºnchen ","weiblich","25-30","Krankenhaus","beruflich","2","1 - gar nicht","1 - gar nicht","Bettgitter, Tiefstellen des Betts, keine Kabel oder andere Stolperfallen in den Weg, Gel√§nder, Gurte","4 - sehr wichtig","2","4 - sehr wichtig","4 - sehr wichtig","4 - sehr wichtig","4 - sehr wichtig","","4 - sehr wichtig","1 - unwichtig","4 - sehr wichtig","4 - sehr wichtig","4 - sehr wichtig","4 - sehr wichtig","4 - sehr wichtig","> 8 Stunden","","Altenheim;Pflegeheim;Krankenhaus;H√§usliche Pflege","100 ‚Ç¨ - 500 ‚Ç¨","einmalig","Kann durchaus sinnvoll sein auf gr√∂√üeren Stationen","",""
"2022/05/22 10:05:38 PM OEZ","Deutschland, M√ºnchen","weiblich","21-24","Krankenhaus","beruflich","4 - sehr","1 - gar nicht","1 - gar nicht","Bettgitter, Hilfsmittel einbremsen, Lifter zum Transfer","4 - sehr wichtig","2","4 - sehr wichtig","4 - sehr wichtig","4 - sehr wichtig","4 - sehr wichtig","","3","2","3","4 - sehr wichtig","3","3","3","> 8 Stunden","","Altenheim;Pflegeheim;Krankenhaus;H√§usliche Pflege","> 500 ‚Ç¨","einmalig","Ja da aufgrund des Pflegemangels St√ºrze zu sp√§t entdeckt werden k√∂nnten","",""
"2022/05/23 8:38:36 AM OEZ","Hall in Tirol","weiblich","41-45","Pflegeheim","beruflich","3","1 - gar nicht","2","Sensormatten, Sturzmatten, Sturzhelme, Niederflurbetten, notfalls UBG","4 - sehr wichtig","4 - sehr wichtig","4 - sehr wichtig","4 - sehr wichtig","4 - sehr wichtig","4 - sehr wichtig","","4 - sehr wichtig","4 - sehr wichtig","4 - sehr wichtig","4 - sehr wichtig","4 - sehr wichtig","4 - sehr wichtig","4 - sehr wichtig","> 24 Stunden","Schnellladen, Alarm soll auch auf DECT Handys bzw. auf Schwesternrufanlagen schalten","Pflegeheim;H√§usliche Pflege","> 500 ‚Ç¨","einmalig","ja, aufgrund des Pflegenotstandes in Einrichtungen und in der h√§uslichen Pflege, da nicht immer jemand da ist, bzw. der Betroffone evtl. keine Hilfe rufen kann","","Im h√§uslichen Bereich: Dass der Robotor den Notruf w√§hlt, falls der Betroffene nicht reagiert bzw. dies √§u√üert"
"2022/05/23 9:50:50 AM OEZ","Deutschland, Aschau i. Chiemgau","weiblich","51-60","H√§usliche Pflege","beruflich","3","4 - sehr","2","","4 - sehr wichtig","1 - unwichtig","4 - sehr wichtig","4 - sehr wichtig","4 - sehr wichtig","4 - sehr wichtig","","4 - sehr wichtig","4 - sehr wichtig","4 - sehr wichtig","3","3","4 - sehr wichtig","4 - sehr wichtig","> 8 Stunden","","Altenheim;Pflegeheim;H√§usliche Pflege","100 ‚Ç¨ - 500 ‚Ç¨","einmalig","","",""
"2022/05/23 2:06:48 PM OEZ","Deutschland, Wasserburg am Inn","weiblich","25-30","Altenheim","beruflich","3","1 - gar nicht","1 - gar nicht","Sensormatte, H√ºftprotektorenhose, Physio, Gymnastik, Beratungen, Hilfsmittel","4 - sehr wichtig","2","4 - sehr wichtig","4 - sehr wichtig","4 - sehr wichtig","4 - sehr wichtig","","4 - sehr wichtig","1 - unwichtig","4 - sehr wichtig","4 - sehr wichtig","4 - sehr wichtig","4 - sehr wichtig","4 - sehr wichtig","> 24 Stunden","","Altenheim;Pflegeheim","> 1.000 ‚Ç¨","einmalig","Wenn dies den Anforderungen siehe oben entspricht ist es eine hilfreicher Funktion um den Pflegekr√§fte Arbeit zu erleichtern, St√ºrze schnell zu erkennen und zeitnah reagieren zu k√∂nnen","",""
"2022/05/23 3:18:36 PM OEZ","","weiblich","31-35","H√§usliche Pflege","beruflich","2","2","3","Hilfsmittel ","4 - sehr wichtig","4 - sehr wichtig","4 - sehr wichtig","4 - sehr wichtig","4 - sehr wichtig","4 - sehr wichtig","","3","3","3","3","3","3","3","> 8 Stunden","","Altenheim;Pflegeheim;Krankenhaus","> 500 ‚Ç¨","einmalig","Nein ","",""
"2022/05/24 8:48:52 AM OEZ","","weiblich","41-45","Altenheim","beruflich","4 - sehr","1 - gar nicht","1 - gar nicht","Senormatte, Protektoren","4 - sehr wichtig","4 - sehr wichtig","4 - sehr wichtig","4 - sehr wichtig","4 - sehr wichtig","4 - sehr wichtig","","4 - sehr wichtig","2","4 - sehr wichtig","4 - sehr wichtig","4 - sehr wichtig","4 - sehr wichtig","4 - sehr wichtig","> 8 Stunden","","Altenheim;Pflegeheim;Krankenhaus;H√§usliche Pflege","100 ‚Ç¨ - 500 ‚Ç¨","","Ja es gibt Zeiten wo der Bewohner sich z.b in seinem Zimmer ist und der PK nicht immer da sein kann. ","",""
"2022/05/24 12:34:19 PM OEZ","","weiblich","51-60","H√§usliche Pflege","beruflich","2","2","2","Wir beraten unsere Kunden und sie bekommen was zum Nachlesen zur Vermeidung von St√ºrzen","2","2","3","3","3","4 - sehr wichtig","Unsere Patienten haben fast alle einen Notfallknopf","2","3","3","1 - unwichtig","2","3","3","> 8 Stunden","","H√§usliche Pflege","< 100 ‚Ç¨","einmalig","Muss einfach ausprobiert werden ob es funktioniert","","Dass man mit ihm sprechen kann; wie bei der Alexa"
"2022/05/24 12:38:45 PM OEZ","Deutschland, Prien","weiblich","25-30","Altenheim","beruflich","4 - sehr","1 - gar nicht","1 - gar nicht","Sturzmatten/-sensoren, Bed-Exit-Boxen","2","2","4 - sehr wichtig","3","4 - sehr wichtig","4 - sehr wichtig","","4 - sehr wichtig","1 - unwichtig","4 - sehr wichtig","3","3","4 - sehr wichtig","3","> 8 Stunden","","H√§usliche Pflege","100 ‚Ç¨ - 500 ‚Ç¨","einmalig","Ja, wenn eine Person unbeobachtet st√ºrzt, kann ein Roboter darauf aufmerksam machen","","√úbernahme der Funktion eines Hausnotrufs/Patientenklingel durch Sprachsteuerung"
"2022/05/24 3:25:55 PM OEZ","Krefeld ","weiblich","46-50","Krankenhaus","beruflich","3","2","1 - gar nicht","Aufkl√§rung des Patienten","4 - sehr wichtig","1 - unwichtig","4 - sehr wichtig","4 - sehr wichtig","2","4 - sehr wichtig","","3","4 - sehr wichtig","4 - sehr wichtig","4 - sehr wichtig","4 - sehr wichtig","4 - sehr wichtig","4 - sehr wichtig","> 8 Stunden","","Altenheim;Pflegeheim;H√§usliche Pflege","< 100 ‚Ç¨","einmalig","Personal im Altes Heim k√∂nnen nicht √ºberall sein, viele Bewohner sind Geistlich reduziert ","",""
"2022/05/25 10:17:34 AM OEZ","Samerberg","m√§nnlich","25-30","Altenheim","Gesch√§ftsf√ºhrer des Alten- und Pflegeheims","2","2","1 - gar nicht","Geh und Steh√ºbungen, Gute Beleuchtung der R√§ume und G√§nge, Halte Griffe, Sturz und Sensormatten, Safer Exit Platten, ","4 - sehr wichtig","2","4 - sehr wichtig","4 - sehr wichtig","3","4 - sehr wichtig","","2","1 - unwichtig","1 - unwichtig","4 - sehr wichtig","3","4 - sehr wichtig","3","> 8 Stunden","Der Roboter sollte den Alarm √ºber die Schwesternrufanlage mitteilen; Betriebszeit mindestens von 6:30 Uhr bis 20:30 Uhr","Altenheim;Pflegeheim","100 ‚Ç¨ - 500 ‚Ç¨","einmalig","Ein Roboter w√§r zumindest eine Alternative, jedoch dient er auch wieder als Potenzielle Stolperfalle! Wichter w√§re f√ºr mich einfach ausreichend Personal in den Alten- und Pflegeheimen","",""
"2022/05/25 10:58:47 AM OEZ","Deutschland, Aschau","weiblich","51-60","ambulanter Pflegedienst","beruflich","4 - sehr","4 - sehr","2","Begleitung, gute Schuhe, Beratungsgespr√§che, Teppiche entfernen","3","4 - sehr wichtig","4 - sehr wichtig","4 - sehr wichtig","1 - unwichtig","4 - sehr wichtig","","4 - sehr wichtig","4 - sehr wichtig","4 - sehr wichtig","4 - sehr wichtig","2","4 - sehr wichtig","4 - sehr wichtig","> 8 Stunden","","H√§usliche Pflege","100 ‚Ç¨ - 500 ‚Ç¨","in monatlichen Raten","sinnvoll, weil viele Menschen stundenlang nach einem Sturz am Boden liegen, ausk√ºhlen ...","","An Einnahme von Medikamenten erinnern"
"2022/05/25 11:07:20 AM OEZ","Rosenheim","weiblich","51-60","Pflegeheim","beruflich","3","3","1 - gar nicht","Pr√§vention und Prophylaxe sowie Einsch√§tzung","4 - sehr wichtig","1 - unwichtig","4 - sehr wichtig","4 - sehr wichtig","4 - sehr wichtig","4 - sehr wichtig","","1 - unwichtig","1 - unwichtig","1 - unwichtig","1 - unwichtig","1 - unwichtig","1 - unwichtig","1 - unwichtig","","unwichtig","in der Zukunft","< 100 ‚Ç¨","einmalig","Alte Menschen k√∂nnen damit noch nicht umgehen","",""
"2022/05/25 12:36:03 PM OEZ","","m√§nnlich","41-45","Altenheim","beruflich","4 - sehr","1 - gar nicht","2","","4 - sehr wichtig","2","4 - sehr wichtig","2","4 - sehr wichtig","4 - sehr wichtig","","3","1 - unwichtig","4 - sehr wichtig","4 - sehr wichtig","3","2","3","> 8 Stunden","","Altenheim;H√§usliche Pflege","> 500 ‚Ç¨","in monatlichen Raten","Ich sehe im h√§uslichen Umfeld einen hohen Nutzen, da die zu Betreuenden in der Regel alleine sind. Alternativ gibt es zwar einen Hausnotruf, der aber nicht immer bet√§tigt werden kann. In einer Pflegeeinrichtung/Altenheim ist in der Regel 24h/d Personal anwesend zus√§tzlich zu weiteren Sturzdetektoren (Sensormatte, Bed-Exit-Box), dadurch sehe ich hier geringeren Bedarf im Einzelfall.","","Einfache Sprachbefehle erkennen und ausf√ºhren, wie ""Notruf w√§hlen, Licht anschalten..."" oder √§hnliches. Stimmfeedback bei Sturz um Beruhigend einzuwirken (""Bitte behalten Sie Ruhe. Hilfe ist unterwegs..."" o√§.)"
"2022/05/25 12:39:26 PM OEZ","Aschau im Chiemgau","m√§nnlich","46-50","Pflegeheim","beruflich","3","1 - gar nicht","1 - gar nicht","Arbeit nach Expertenstandard Sturzprophylaxe in der Pflege","4 - sehr wichtig","3","4 - sehr wichtig","4 - sehr wichtig","4 - sehr wichtig","4 - sehr wichtig","","4 - sehr wichtig","2","4 - sehr wichtig","4 - sehr wichtig","3","4 - sehr wichtig","3","> 4 Stunden","","H√§usliche Pflege","< 100 ‚Ç¨","in monatlichen Raten","","",""
"2022/05/25 2:35:09 PM OEZ","Deutschland Feldkirchen-Westerham","m√§nnlich","51-60","Altenheim","beruflich","4 - sehr","3","2","Niederflur Betten","4 - sehr wichtig","4 - sehr wichtig","4 - sehr wichtig","3","3","4 - sehr wichtig","","4 - sehr wichtig","3","4 - sehr wichtig","3","1 - unwichtig","4 - sehr wichtig","4 - sehr wichtig","> 24 Stunden","","Altenheim;Pflegeheim;H√§usliche Pflege","> 500 ‚Ç¨","einmalig","","",""
"2022/05/25 4:13:46 PM OEZ","Deutschland, Krefeld","weiblich","25-30","Krankenhaus","beruflich","4 - sehr","1 - gar nicht","2","Fixierung","4 - sehr wichtig","3","4 - sehr wichtig","4 - sehr wichtig","4 - sehr wichtig","4 - sehr wichtig","","4 - sehr wichtig","4 - sehr wichtig","4 - sehr wichtig","3","4 - sehr wichtig","4 - sehr wichtig","4 - sehr wichtig","> 24 Stunden","","Altenheim;Pflegeheim;H√§usliche Pflege","100 ‚Ç¨ - 500 ‚Ç¨","in monatlichen Raten","Ja, viele Patienten k√∂nnen dich nach dem Sturz nicht mehr selber helfen","","An Medikamente erinnern"
"2022/05/25 4:27:25 PM OEZ","Deutschland. Bernau am Chiemsee ","weiblich","41-45","Hospiz","beruflich","2","2","1 - gar nicht","Klingelmatten","3","2","3","1 - unwichtig","3","3","","3","1 - unwichtig","3","3","3","3","3","> 8 Stunden","","Altenheim;H√§usliche Pflege","> 500 ‚Ç¨","in monatlichen Raten","Ja durchaus . Er kann L√ºcken schlie√üen, die durch fehlende pers√∂nliche Betreuung entsteht ","","Schutz vor √úbergriffen "
"2022/05/25 5:33:07 PM OEZ","Deutschland, Kiefersfelden","weiblich","25-30","Altenheim","beruflich","4 - sehr","1 - gar nicht","1 - gar nicht","Niederflurbetten, Sensormatten, Stolperfallen vermeiden, Feststellen von Bremsen,...","4 - sehr wichtig","2","4 - sehr wichtig","4 - sehr wichtig","4 - sehr wichtig","4 - sehr wichtig","","4 - sehr wichtig","2","4 - sehr wichtig","4 - sehr wichtig","4 - sehr wichtig","4 - sehr wichtig","4 - sehr wichtig","> 24 Stunden","Roboter sollte Bestenfalls laden wenn Bew./Pat./Klient schl√§ft","Altenheim;Pflegeheim;H√§usliche Pflege","> 500 ‚Ç¨","einmalig","Ich habe keinen Einsatz mit bekommen","",""
"2022/05/25 8:48:09 PM OEZ","","weiblich","25-30","Krankenhaus","beruflich","4 - sehr","2","2","Bettgitter, Niederflurbett, Schuhe ....","4 - sehr wichtig","4 - sehr wichtig","4 - sehr wichtig","4 - sehr wichtig","3","3","","3","1 - unwichtig","4 - sehr wichtig","3","4 - sehr wichtig","4 - sehr wichtig","4 - sehr wichtig","> 24 Stunden","","Altenheim;Pflegeheim;H√§usliche Pflege","> 1.000 ‚Ç¨","einmalig","","","Hilferuf Funktion f√ºr kleine Dringlichkeiten"
"2022/05/25 11:14:58 PM OEZ","","m√§nnlich","51-60","Krankenhaus","beruflich","4 - sehr","4 - sehr","4 - sehr","","4 - sehr wichtig","4 - sehr wichtig","4 - sehr wichtig","4 - sehr wichtig","4 - sehr wichtig","4 - sehr wichtig","","2","4 - sehr wichtig","4 - sehr wichtig","4 - sehr wichtig","4 - sehr wichtig","4 - sehr wichtig","4 - sehr wichtig","> 8 Stunden","","Pflegeheim;Krankenhaus","> 1.000 ‚Ç¨","in monatlichen Raten","","",""
"2022/05/26 7:45:47 AM OEZ","Wasserburg, Bayern","weiblich","51-60","Altenheim","beruflich","2","4 - sehr","1 - gar nicht","alle g√§ngigen massnahmen","4 - sehr wichtig","4 - sehr wichtig","4 - sehr wichtig","4 - sehr wichtig","4 - sehr wichtig","4 - sehr wichtig","","1 - unwichtig","1 - unwichtig","4 - sehr wichtig","4 - sehr wichtig","1 - unwichtig","4 - sehr wichtig","4 - sehr wichtig","> 24 Stunden","","Altenheim;H√§usliche Pflege","100 ‚Ç¨ - 500 ‚Ç¨","einmalig","ja, weil die bewohner dann weiter selbstst√§ndig agieren k√∂nnen","der roboter sollte dem bewohner folgen k√∂nnen - auch aus dem zimmer, bevor die t√ºr geschlossen wird. akustischer, lauter alarm w√§re sinnvoll.","sturzerkennung ist ausreichend"
"2022/05/26 8:48:43 PM OEZ","Bayern, Aschau","weiblich","36-40","Altenheim","beruflich","4 - sehr","1 - gar nicht","1 - gar nicht","Sensormatte, Sensorleiste, Safe Bag, Niederflurbetten","4 - sehr wichtig","4 - sehr wichtig","4 - sehr wichtig","4 - sehr wichtig","4 - sehr wichtig","4 - sehr wichtig","","4 - sehr wichtig","2","4 - sehr wichtig","4 - sehr wichtig","4 - sehr wichtig","4 - sehr wichtig","4 - sehr wichtig","> 8 Stunden","","Altenheim;Pflegeheim;H√§usliche Pflege","100 ‚Ç¨ - 500 ‚Ç¨","einmalig","Ja sinnvoll. Eine Pflegekraft kann nicht immer √ºberall gleichzeitg sein, besonders im Nachtdienst. St√ºrz oft zwischen 3 und 5 Uhr am morgen, oft nach dem Rundgang bei der betreffenden Person.","","Beruhigende Musik oder auch Tierstimmen zur Beruhigung nachtaktiver Bewohner(wenn keine Angst vor Tieren wie Hunden besteht) oder bei depressiven und stark dementen Bewohner."
"2022/05/27 3:20:02 PM OEZ","Deutschland, Prien am Chiemsee","weiblich","51-60","Altenheim","beruflich","2","3","2","Niederflorbetten, Sensormatten, Bett Exit-Boxen, mobiler Notruf (Funkfinger), Easywalker, Rollatoren, pr√§ventive Gymnastik, richtige Beleuchtung, Handl√§ufe, richtiges Schuhwerk, Beratungen, Beseitigung von Stolperquellen","3","2","4 - sehr wichtig","4 - sehr wichtig","2","4 - sehr wichtig","","4 - sehr wichtig","1 - unwichtig","4 - sehr wichtig","4 - sehr wichtig","3","4 - sehr wichtig","4 - sehr wichtig","> 24 Stunden","12 Student w√§re eine gute Zeitspanne","Altenheim;Pflegeheim;H√§usliche Pflege","100 ‚Ç¨ - 500 ‚Ç¨","einmalig","Fl√§chendeckend eher nicht, aber f√ºr eine gewisse Klientel durchaus vorstellbar (z. B. mittelgradige bis vorgeschrittener Demenz, sowohl im h√§uslichen, als auch station√§ren Bereich)","Die Konstruktion wirkt sehr zierlich und zerbrechlich, etwas robusteres w√§re nicht schlecht. Auch ein ""Fell"", das die Mechanik versteckt, k√∂nnte evtl. die Akzeptanz erh√∂hen.","Erinnerung an gewisse T√§tigkeiten - z. B. Zeit um Medikamente zu nehmen, auf die Toilette zu gehen, zu Mittagessen, oder anderen Aktivit√§ten zu gehen. ""Gassi"" gehen (Mobilit√§tsf√∂rderung)"
"2022/05/28 9:16:32 AM OEZ","√ñsterreich, Linz","m√§nnlich","36-40","H√§usliche Pflege","privat","3","1 - gar nicht","1 - gar nicht","Haltegriffe","4 - sehr wichtig","1 - unwichtig","4 - sehr wichtig","2","2","4 - sehr wichtig","","3","1 - unwichtig","4 - sehr wichtig","3","1 - unwichtig","4 - sehr wichtig","3","> 8 Stunden","","Altenheim;Pflegeheim;Krankenhaus;H√§usliche Pflege","100 ‚Ç¨ - 500 ‚Ç¨","einmalig","Ja, da vor allem in der h√§uslichen Pflege nicht immer die Person unter Beobachtung stehen kann (zb. Eink√§ufe erledigen, Hausarbeit, etc.)","Die Gewissheit, dass man St√ºrze schneller erkennt und man nicht immer proaktiv nachsehen muss ob es der Person gut geht.","integrierter Sprachassistent wie Alexa"
"2022/05/28 10:13:37 AM OEZ","Deutschland Duisburg","m√§nnlich","25-30","Krankenhaus","beruflich","4 - sehr","1 - gar nicht","2","","4 - sehr wichtig","2","4 - sehr wichtig","4 - sehr wichtig","4 - sehr wichtig","4 - sehr wichtig","","4 - sehr wichtig","4 - sehr wichtig","4 - sehr wichtig","3","4 - sehr wichtig","4 - sehr wichtig","4 - sehr wichtig","> 24 Stunden","","Altenheim;Pflegeheim;Krankenhaus;H√§usliche Pflege","> 1.000 ‚Ç¨","in monatlichen Raten","","","Patientenaufrichter, bei z.b einer Gr√∂√üeren Tierform "
"2022/05/28 3:06:23 PM OEZ","NEW Krefeld ","weiblich","51-60","Krankenhaus","beruflich","3","1 - gar nicht","1 - gar nicht","Bettgitter","4 - sehr wichtig","2","4 - sehr wichtig","4 - sehr wichtig","3","4 - sehr wichtig","","2","3","3","4 - sehr wichtig","2","1 - unwichtig","1 - unwichtig","> 24 Stunden","","Pflegeheim","100 ‚Ç¨ - 500 ‚Ç¨","in monatlichen Raten","Keine Ahnung ","",""
"2022/05/30 9:39:32 PM OEZ","83229 Aschau i. Chiemgau / Deutschland","weiblich","46-50","Tagespflege/ teilstation√§r","beruflich","3","2","2","Hell beleuchtete, barrierefreie Wege, keine Hindernisse, gymnastische Sturzprophylaxe, Mobilit√§tsf√∂rderung, Hilfestellung durch PP","4 - sehr wichtig","3","4 - sehr wichtig","4 - sehr wichtig","4 - sehr wichtig","4 - sehr wichtig","Sobald sich zus√§tzliche Personen im Raum befinden, sollte das Sturzrisiko verringert sein","3","1 - unwichtig","4 - sehr wichtig","4 - sehr wichtig","3","4 - sehr wichtig","4 - sehr wichtig","> 24 Stunden","","Altenheim;Pflegeheim;H√§usliche Pflege","< 100 ‚Ç¨","","Es w√ºrde Sinn machen, wenn dieser Roboter keine Gefahrenquelle darstellt","Wei√ü es nicht, da ich diese Ger√§tschaft nicht kenne","Vielleicht √§hnliches, wie ein Hausnotruf"
"2022/05/30 10:01:47 PM OEZ","Aschau ","weiblich","51-60","Tagespflege ","beruflich","3","4 - sehr","2","Handl√§ufe, Sturzprophelaxe  Gymnastik","2","4 - sehr wichtig","2","4 - sehr wichtig","4 - sehr wichtig","2","","3","1 - unwichtig","4 - sehr wichtig","4 - sehr wichtig","3","4 - sehr wichtig","3","> 8 Stunden","","Altenheim;H√§usliche Pflege","> 500 ‚Ç¨","einmalig","Personen die l√§nger allein sind ist es sehr hilfreich ","Einfach mal mit zu pflegenden Personen ausprobieren, dann kann man die Reaktion ect beurteilen. ","Vorwarnung des Patienten bei Stolperfallen"
"2022/05/30 10:08:23 PM OEZ","Deutschland krefeld ","weiblich","31-35","Krankenhaus","beruflich","3","2","1 - gar nicht","Niederflurbett","4 - sehr wichtig","3","4 - sehr wichtig","4 - sehr wichtig","4 - sehr wichtig","4 - sehr wichtig","","4 - sehr wichtig","4 - sehr wichtig","4 - sehr wichtig","3","3","3","4 - sehr wichtig","> 8 Stunden","","Altenheim;Pflegeheim;H√§usliche Pflege","100 ‚Ç¨ - 500 ‚Ç¨","in monatlichen Raten","","",""
"2022/06/01 12:30:35 AM OEZ","Deutschland, Krefeld ","weiblich","25-30","Krankenhaus","beruflich","4 - sehr","1 - gar nicht","1 - gar nicht","Bettgitter, tiefe Betten, Multicarbetten mit Funktion der Erkennung beim aufstehen von Patienten, Fixierungen ","4 - sehr wichtig","2","4 - sehr wichtig","4 - sehr wichtig","4 - sehr wichtig","4 - sehr wichtig","","4 - sehr wichtig","2","4 - sehr wichtig","4 - sehr wichtig","2","4 - sehr wichtig","4 - sehr wichtig","> 24 Stunden","","Altenheim;Pflegeheim;H√§usliche Pflege","> 1.000 ‚Ç¨","einmalig","Ja, vor allem im h√§uslichen Bereich. Es dient der Sicherheit und k√∂nnte vor allem zum Beispiel lange Liegetraumen verhindern. ","Schnellere Sturzerkennung ","Erinnerungen an Medikamenteneinnahme und √Ñhnliches "
"2022/06/01 9:36:44 AM OEZ","Bad Aibling ","m√§nnlich","51-60","H√§usliche Pflege","privat","3","1 - gar nicht","1 - gar nicht","Begleitperson ","2","4 - sehr wichtig","3","3","3","3","","4 - sehr wichtig","4 - sehr wichtig","4 - sehr wichtig","3","2","4 - sehr wichtig","4 - sehr wichtig","> 8 Stunden","","Altenheim;Pflegeheim;H√§usliche Pflege","> 1.000 ‚Ç¨","in monatlichen Raten","","",""
"2022/06/01 1:07:52 PM OEZ","Deutschland Wasserburg am Inn ","m√§nnlich","36-40","Krankenhaus","beruflich","2","2","2","Alles was ein Sturz verhindern kann entfernen","2","2","2","2","2","2","","1 - unwichtig","1 - unwichtig","1 - unwichtig","1 - unwichtig","1 - unwichtig","1 - unwichtig","1 - unwichtig","> 4 Stunden","","Altenheim","> 1.000 ‚Ç¨","einmalig","Alles was den PP und Pat helfen kann ist gut","üíÅüèª‚Äç‚ôÇÔ∏è","Nein"
"2022/06/01 2:45:51 PM OEZ","Deutschland, Dortmund ","m√§nnlich","36-40","Wohnheim (GB-Bereich)","beruflich","4 - sehr","2","2","Hindernisse aus dem Weg r√§umen, ad√§quates Schuhwerk","3","3","4 - sehr wichtig","3","2","4 - sehr wichtig","","4 - sehr wichtig","1 - unwichtig","3","3","3","3","3","> 8 Stunden","","Altenheim;H√§usliche Pflege","100 ‚Ç¨ - 500 ‚Ç¨","einmalig","Ich denke das der Einsatz, speziell w√§hrend der Nachtschicht in Altenheimen sinnvoll sein kann. St√ºrze k√∂nnten so schneller entdeckt, wichtige Zeit gewonnen werden. ","Problem des Zugangs in die einzelnen Zimmer muss gel√∂st werden. Falls es z.B. einen Sturz im Badezimmer gibt.","Soziale Interaktionen sollten m√∂glich sein ohne dabei selber St√ºrze zu verursachen. Z.B. durch erkennen von sitzenden Personen, (Kontakt erlaubt), Person steht auf ( sofort Abstand halten. 
Weiterhin Personal kontaktieren bei Hilferufen oder bestimmten Signalen. 
Licht z.B. den Weg vom Bett zum Badezimmer beleuchten. "
"2022/06/01 10:31:46 PM OEZ","Deutschland Wasserburg am Inn ","m√§nnlich","31-35","Krankenhaus","beruflich","2","1 - gar nicht","1 - gar nicht","Festes Schuhwerk ","2","2","4 - sehr wichtig","4 - sehr wichtig","4 - sehr wichtig","4 - sehr wichtig","","3","3","3","2","1 - unwichtig","4 - sehr wichtig","4 - sehr wichtig","> 8 Stunden","","Altenheim;Pflegeheim;H√§usliche Pflege","> 500 ‚Ç¨","in monatlichen Raten","Ja, verhindert das st√ºrzen der Patienten ","",""
"2022/06/02 11:16:32 AM OEZ","Wasserburg am Inn, Deutschland","m√§nnlich","15-20","Psychiatrie","beruflich","4 - sehr","4 - sehr","2","Ausreichende Beleuchtung, Hilfsmittel wie FreeWalker oder Rollator, Patienten festes Schuhwerk anziehen, Stolperfallen minimieren","4 - sehr wichtig","2","4 - sehr wichtig","4 - sehr wichtig","4 - sehr wichtig","4 - sehr wichtig","","3","1 - unwichtig","4 - sehr wichtig","4 - sehr wichtig","4 - sehr wichtig","3","4 - sehr wichtig","> 8 Stunden","","Altenheim;Pflegeheim","> 500 ‚Ç¨","einmalig","Auf jeden Fall, da damit menschliches Personal stark entlastet werden k√∂nnte. Problematisch k√∂nnte es werden, wenn das Fachpersonal sich zu sehr auf die Technik verl√§sst und selber unaufmerksam wird.","/","Dass der Roboter Risikofaktoren f√ºr St√ºrze erkennt und diese mitteilt. (Raum sehr dunkel, Schuhe die vor dem Bett stehen z.B.)"
"2022/06/03 1:28:07 PM OEZ","Deutschland ","m√§nnlich","31-35","Wohnst√§tte f√ºr Menschen mit Behinderung ","beruflich","2","2","2","Rollator, Schuhwerk ","2","2","2","2","2","1 - unwichtig","","3","3","3","3","3","3","3","> 24 Stunden","","Altenheim;Pflegeheim;Krankenhaus","> 1.000 ‚Ç¨","einmalig","","",""
"2022/06/03 1:31:09 PM OEZ","","weiblich","36-40","Wohnheim","beruflich","3","2","2","Stolperfallen behoben ","3","2","3","3","1 - unwichtig","3","","3","1 - unwichtig","3","3","2","3","3","> 8 Stunden","","H√§usliche Pflege","100 ‚Ç¨ - 500 ‚Ç¨","in monatlichen Raten","","",""
"2022/06/03 3:50:07 PM OEZ","Deutschland, Dortmund ","weiblich","21-24","Pflegeheim","Unbekannt","4 - sehr","3","2","Konventionelle Methoden","3","2","4 - sehr wichtig","4 - sehr wichtig","3","4 - sehr wichtig","","3","4 - sehr wichtig","4 - sehr wichtig","4 - sehr wichtig","3","3","4 - sehr wichtig","> 24 Stunden","","Altenheim;Pflegeheim","> 500 ‚Ç¨","in monatlichen Raten","Ja, um das Pflegepersonal zu entlasten ","",""
"2022/06/05 4:36:53 PM OEZ","Deutschland Bochum ","weiblich","41-45","Krankenhaus","beruflich","4 - sehr","1 - gar nicht","1 - gar nicht","Bettgitter","3","3","3","3","3","3","Ich arbeite auf der Intensivstation, da sind die Patienten unter stetiger Aufsicht ","3","2","3","4 - sehr wichtig","3","3","3","> 24 Stunden","","Altenheim;Krankenhaus;H√§usliche Pflege","> 500 ‚Ç¨","in monatlichen Raten","Ich denke es ist sinnvoll in einem Umfeld wo man direkt eingreifen und den Sturz verhindern k√∂nnte","",""
"2022/06/06 8:22:21 PM OEZ","Deutschland, Rosenheim","weiblich","15-20","Krankenhaus","beruflich","2","3","3","Feste Schuhe, Licht anschalten, Hindernisse beseitigen, Rollator/andere Gehhilfen bereitstellen, Person st√ºtzen, Zum langsamen Aufstehen anleiten","3","2","4 - sehr wichtig","4 - sehr wichtig","3","4 - sehr wichtig","","3","2","3","4 - sehr wichtig","3","2","3","","","Altenheim;H√§usliche Pflege","> 500 ‚Ç¨","einmalig","Ich finde es sinnvoll, da viele Menschen schwer st√ºrzen k√∂nnen und selbst nicht in der Lage sind, Hilfe zu holen. Eventuell werden sie dann erst von jemandem aufgefunden, wenn es schon zu sp√§t ist, z. B. bei einer Hirnblutung.","Der Roboter k√∂nnte nicht nur eine Nachricht an die Pflegeperson senden, sondern auch an Nachbarn oder Verwandte, je nachdem, wer in der N√§he der gest√ºrzten Person ist und ihr am schnellsten helfen k√∂nnte.","Nachts strahlt der Roboter bei Bewegung (wenn die Person z. B. auf die Toilette muss) etwas Licht (nicht zu grell) aus, dass die Person den Weg zum Lichtschalter findet und nicht auf dem Weg dorthin st√ºrzt."
"2022/06/06 9:33:38 PM OEZ","Deutschland, Rosenheim","m√§nnlich","51-60","Mehreren:1,3,4","beruflich und privat","4 - sehr","2","2","Alle von RKI empfohlene Sturzprophylaxe Ma√ünhahmen","4 - sehr wichtig","1 - unwichtig","4 - sehr wichtig","4 - sehr wichtig","4 - sehr wichtig","4 - sehr wichtig","","1 - unwichtig","1 - unwichtig","1 - unwichtig","4 - sehr wichtig","2","4 - sehr wichtig","4 - sehr wichtig","> 24 Stunden","","Bei Menschen, denen keine Ahnung der Grundursachen und Grundziele von Pflege haben","100 ‚Ç¨ - 500 ‚Ç¨","in monatlichen Raten","Sinnloss.Die Patienten , Kunden brauchen Menschliche Zuneigung, Liebe,Ber√ºhrung, Seelen und K√∂rperpflege.Ausser die Robote w√§re selbst eine Sturzgef√§hr.","Diese Projekt abzubrechen und vorerst selbst mehrere Jahren in der Pflege arbeiten , Erfahrungen und Meinungen von Betroffenen sammeln.","Robote als Kinderspielzeug."
"2022/06/07 1:16:44 PM OEZ","Tirol, Kramsach","m√§nnlich","51-60","Pflegeheim","beruflich","3","1 - gar nicht","1 - gar nicht","Assessment, Sensormatte, Bewegungssensor, Begleitung, Niederflurbett","3","2","3","3","3","3","","3","1 - unwichtig","4 - sehr wichtig","4 - sehr wichtig","2","4 - sehr wichtig","4 - sehr wichtig","> 24 Stunden","","Altenheim;Pflegeheim","> 1.000 ‚Ç¨","einmalig","Alles was einen Sturz verhindert ist sinnvoll","","Demenz √úberwachung"
"2022/06/07 1:34:58 PM OEZ","Deutschland, Rosenheim","weiblich","21-24","Krankenhaus","beruflich","3","1 - gar nicht","1 - gar nicht","","3","2","4 - sehr wichtig","3","4 - sehr wichtig","4 - sehr wichtig","","3","3","4 - sehr wichtig","3","3","3","3","> 8 Stunden","","Altenheim;H√§usliche Pflege","> 1.000 ‚Ç¨","in monatlichen Raten","","",""
"2022/06/07 8:34:47 PM OEZ","Deutschland, Krefeld","weiblich","36-40","Krankenhaus","beruflich","2","2","2","Bodenpflege","4 - sehr wichtig","4 - sehr wichtig","4 - sehr wichtig","1 - unwichtig","4 - sehr wichtig","4 - sehr wichtig","","4 - sehr wichtig","1 - unwichtig","4 - sehr wichtig","4 - sehr wichtig","3","4 - sehr wichtig","3","> 24 Stunden","Die Betriebszeit ist unrelevant, wenn man einen zweiten Roboter oder einen Ersatz Akku hat.","Altenheim;Pflegeheim;H√§usliche Pflege","> 1.000 ‚Ç¨","einmalig","Ich denke schon, vor allem in Pflege- und Altenheimen, wo meist nur eine Pflegekraft, gerade Nachts, im Haus ist.","",""
"2022/06/09 12:15:09 AM OEZ","Mexiko-Stadt, Mexiko","weiblich","25-30","Krankenhaus","privat","2","2","1 - gar nicht","mehr Hilfspersonal haben","2","1 - unwichtig","2","2","2","1 - unwichtig","Keine","2","4 - sehr wichtig","3","2","3","2","3","> 8 Stunden","","Altenheim;Pflegeheim;Krankenhaus;H√§usliche Pflege","> 500 ‚Ç¨","in monatlichen Raten","nicht an meinem Herkunftsort","Energie optimieren","Nein, keine Idee."
"2022/06/09 12:56:34 AM OEZ","poland","weiblich","36-40","Krankenhaus","beruflich","4 - sehr","1 - gar nicht","1 - gar nicht","none","3","3","4 - sehr wichtig","4 - sehr wichtig","4 - sehr wichtig","4 - sehr wichtig","","4 - sehr wichtig","4 - sehr wichtig","4 - sehr wichtig","3","3","3","4 - sehr wichtig","> 8 Stunden","","Altenheim;Pflegeheim","> 500 ‚Ç¨","in monatlichen Raten","","",""
"2022/06/09 4:38:19 AM OEZ","Mexiko Stadt","weiblich","25-30","Krankenhaus","beruflich","4 - sehr","1 - gar nicht","2","","4 - sehr wichtig","3","4 - sehr wichtig","2","4 - sehr wichtig","4 - sehr wichtig","","4 - sehr wichtig","2","4 - sehr wichtig","3","4 - sehr wichtig","4 - sehr wichtig","4 - sehr wichtig","> 24 Stunden","","Altenheim;Pflegeheim;H√§usliche Pflege","100 ‚Ç¨ - 500 ‚Ç¨","einmalig","Ich halte das f√ºr sehr hilfreich, weil man nicht immer in Begleitung ist oder ein Unfall passieren kann, der uns bewusstlos macht.","Eine bessere Kamera und ein besseres Mikrofon haben, um die Person im Auge zu behalten oder ihre Aufmerksamkeit im Falle eines Unfalls auf sich zu ziehen","Feststellung von Vitalzeichen
"
"2022/06/09 8:38:53 AM OEZ","Athen - Griechenland","m√§nnlich","25-30","Arztpraxis","beruflich","4 - sehr","2","1 - gar nicht","Die Einrichtung hat keine Treppen, und sie ist freundlich gegen√ºber Behinderten.","4 - sehr wichtig","2","4 - sehr wichtig","4 - sehr wichtig","4 - sehr wichtig","4 - sehr wichtig","","4 - sehr wichtig","4 - sehr wichtig","3","4 - sehr wichtig","3","4 - sehr wichtig","4 - sehr wichtig","> 8 Stunden","","Altenheim;H√§usliche Pflege","100 ‚Ç¨ - 500 ‚Ç¨","einmalig","Ja.","",""
"2022/06/09 8:48:29 AM OEZ","Polen, Posen","m√§nnlich","21-24","Krankenhaus","beruflich","2","1 - gar nicht","1 - gar nicht","Gehwagen f√ºr Patienten, die Aufmerksamkeit ben√∂tigen, Halterungen in Toiletten","4 - sehr wichtig","2","4 - sehr wichtig","3","4 - sehr wichtig","4 - sehr wichtig","","3","2","4 - sehr wichtig","3","3","3","4 - sehr wichtig","> 8 Stunden","","Altenheim;Pflegeheim;H√§usliche Pflege","> 500 ‚Ç¨","in monatlichen Raten","Ja, ein Fallen hat eine Reihe von Problemen. √Ñltere Menschen haben sehr ""br√ºchige"" Knochen","l√§ngere Arbeitszeiten, im Dunkeln sehen",""
"2022/06/09 8:57:45 AM OEZ","Deutschland - Kiel","weiblich","31-35","Krankenhaus","beruflich","2","2","3","Farbige Markierungen an Schwellen","2","2","4 - sehr wichtig","4 - sehr wichtig","4 - sehr wichtig","4 - sehr wichtig","","2","1 - unwichtig","4 - sehr wichtig","3","3","4 - sehr wichtig","4 - sehr wichtig","> 24 Stunden","","Altenheim;Pflegeheim;H√§usliche Pflege","> 1.000 ‚Ç¨","in monatlichen Raten","Ja, er k√∂nnte Leben retten","Bessere Lebensqualit√§t","Reagiert auf Sprachbefehle"
"2022/06/09 9:28:12 AM OEZ","Deutschland ","weiblich","15-20","Altenheim","beruflich","3","3","3","Unter die Arme gegriffen ","3","3","3","3","3","4 - sehr wichtig","","3","3","3","3","3","3","3","> 4 Stunden","","Krankenhaus;H√§usliche Pflege","100 ‚Ç¨ - 500 ‚Ç¨","einmalig","","",""
"2022/06/09 9:58:33 AM OEZ","Schweiz, Visp","m√§nnlich","31-35","Pharmaunternehmen","privat","3","1 - gar nicht","1 - gar nicht","keine","4 - sehr wichtig","3","4 - sehr wichtig","2","3","4 - sehr wichtig","","2","4 - sehr wichtig","4 - sehr wichtig","3","2","3","3","> 2 Stunden","","Altenheim;Pflegeheim;Krankenhaus;H√§usliche Pflege","> 500 ‚Ç¨","einmalig","Ja, es bietet der zu pflegenden Person mehr Sicherheit und entlastet die Pflegekr√§fte, die sich vorraussichtlich nicht auf eine Verbesserung ihrer Arbeitsbedingungen einstellen k√∂nnen.","","Sprachsteuerung, Kommunikation mit Pflegekr√§ften"
"2022/06/09 11:08:44 AM OEZ","Lissabon, Portugal","weiblich","21-24","Krankenhaus","beruflich","3","1 - gar nicht","2","Wir sind vorsichtig mit Medikamenten, die St√ºrze als Nebenwirkungen haben k√∂nnen. Die Betten im Krankenhaus sind so gebaut, dass sie St√ºrze verhindern.","4 - sehr wichtig","4 - sehr wichtig","4 - sehr wichtig","3","4 - sehr wichtig","4 - sehr wichtig","","4 - sehr wichtig","4 - sehr wichtig","4 - sehr wichtig","3","2","4 - sehr wichtig","4 - sehr wichtig","> 8 Stunden","","Altenheim;Pflegeheim;H√§usliche Pflege","100 ‚Ç¨ - 500 ‚Ç¨","einmalig","Ich bin mir nicht sicher. Ich denke, es w√ºrde ausreichen, wenn ein anderer Arbeiter pr√§senter w√§re oder daf√ºr Kameras einsetzte.","Dass es St√ºrze leichter verhindern und erkennen kann.","Vielleicht andere Dinge au√üer St√ºrzen erkennen. Wie Atemfrequenz und so weiter."
"2022/06/09 11:48:07 AM OEZ","Deutschland","m√§nnlich","25-30","Pflegeheim","beruflich","4 - sehr","1 - gar nicht","1 - gar nicht","Keine abgetragenen Schuhe, Festhalte M√∂glichkeiten an den W√§nden. ","4 - sehr wichtig","1 - unwichtig","4 - sehr wichtig","4 - sehr wichtig","4 - sehr wichtig","4 - sehr wichtig","Es ist besser wenn es mal einen Fehlalarm gibt als wenn es einmal zu wenig alarmiert. ","4 - sehr wichtig","4 - sehr wichtig","4 - sehr wichtig","4 - sehr wichtig","4 - sehr wichtig","4 - sehr wichtig","4 - sehr wichtig","> 24 Stunden","Es w√§re nat√ºrlich gut, wenn es so lange wie m√∂glich nicht aufgeladen werden muss. ","Altenheim;Pflegeheim;Krankenhaus;H√§usliche Pflege","> 1.000 ‚Ç¨","einmalig","Ich denke dies w√§re eine sehr gute Investition. ","Das der Roboter die Patienten unterst√ºtzen kann selbst wieder aufzustehen. ","Das der Roboter dazubin der Lage ist die schwere des Sturzes einzusch√§tzen. "
"2022/06/09 4:13:19 PM OEZ","√ñsterreich, Innsbruck","weiblich","51-60","Pflegeheim","beruflich","2","1 - gar nicht","1 - gar nicht","Extra Treppengel√§nder","2","1 - unwichtig","3","3","3","3","","4 - sehr wichtig","4 - sehr wichtig","4 - sehr wichtig","4 - sehr wichtig","3","2","3","> 4 Stunden","","Pflegeheim;Krankenhaus","> 500 ‚Ç¨","einmalig","es kann definitiv einen sinnvollen Beitrag dazuleisten, finde ich.","/","eventuelle Lieferung von Getr√§nken an die Pflegeheim-G√§ste"
"2022/06/09 4:21:42 PM OEZ","Deutschland, Bremen","weiblich","21-24","Krankenhaus","beruflich","4 - sehr","1 - gar nicht","1 - gar nicht","Klingelmatten, Bewegungssensoren, Bodenpflege, Niederflurbett, Bettseitenteile hochstellen mit Einverst√§ndnis von Angeh√∂rigen oder zu Pflegenden","4 - sehr wichtig","1 - unwichtig","4 - sehr wichtig","2","4 - sehr wichtig","4 - sehr wichtig","","3","1 - unwichtig","4 - sehr wichtig","2","2","2","3","> 8 Stunden","","Altenheim;Pflegeheim;H√§usliche Pflege","100 ‚Ç¨ - 500 ‚Ç¨","einmalig","Ja, da Pflegekr√§fte nicht dauerhaft neben den Klient*innen stehen kann um diesen zu √ºberwachen. Ebenfalls wissen die Klient*innen bescheid, dass wenn sie st√ºrzen sollten, definitiv jemand kommen wird, da dieser Roboter ja an die Pflegekraft meldet","",""
"2022/06/09 6:00:22 PM OEZ","Langenfeld","weiblich","25-30","Krankenhaus","beruflich","4 - sehr","1 - gar nicht","2","sicheres Schuhwerk, Sturzmatte vor dem Bett, Griffe, Gehhilfen, Bettgitter, ..","4 - sehr wichtig","3","4 - sehr wichtig","4 - sehr wichtig","4 - sehr wichtig","4 - sehr wichtig","","4 - sehr wichtig","3","4 - sehr wichtig","4 - sehr wichtig","4 - sehr wichtig","4 - sehr wichtig","4 - sehr wichtig","> 8 Stunden","","Altenheim;Pflegeheim;Krankenhaus","> 500 ‚Ç¨","in monatlichen Raten","W√§re sinnvoll, da es in den Einrichtungen oft stressig ist und man nicht regelm√§√üig nach Patienten schauen kann","",""
"2022/06/09 6:42:20 PM OEZ","Polen, Breslau","m√§nnlich","15-20","Altenheim","beruflich","4 - sehr","1 - gar nicht","1 - gar nicht","","4 - sehr wichtig","4 - sehr wichtig","4 - sehr wichtig","4 - sehr wichtig","4 - sehr wichtig","4 - sehr wichtig","","4 - sehr wichtig","4 - sehr wichtig","4 - sehr wichtig","4 - sehr wichtig","4 - sehr wichtig","4 - sehr wichtig","4 - sehr wichtig","> 24 Stunden","","Altenheim","> 500 ‚Ç¨","in monatlichen Raten","","",""
"2022/06/09 7:21:24 PM OEZ","Deutschland, Bonn","weiblich","21-24","Apotheke","beruflich","3","1 - gar nicht","1 - gar nicht","Gehhilfen, Kr√ºken ","4 - sehr wichtig","2","4 - sehr wichtig","2","3","4 - sehr wichtig","","3","2","4 - sehr wichtig","3","1 - unwichtig","2","3","> 24 Stunden","Betriebszeit so, dass √ºber Nacht laden reicht.","Altenheim;Pflegeheim;H√§usliche Pflege","100 ‚Ç¨ - 500 ‚Ç¨","in monatlichen Raten","Nicht schlecht, aber es gibt auch Panikkn√∂pfe, die der Patient selbst bet√§tigen kann. Kommt auf den Patient an, auf die Compliance und den Zustand, auch geistig.","",""
"2022/06/09 7:42:58 PM OEZ","Deutschland, Stuttgart ","weiblich","31-35","Krankenhaus","beruflich","2","2","1 - gar nicht","Aufkl√§rung, geeignetes Schuhwerk, keine Stolperfallen","2","2","3","3","2","3","","3","2","3","3","2","3","3","> 8 Stunden","","Altenheim;H√§usliche Pflege","> 1.000 ‚Ç¨","einmalig","Im Krankenhaus weniger, da die Patienten f√ºr gew√∂hnlich nicht alleine im Zimmer sind und immer jmd nach dem Personal klingeln/rufen kann, und wir machen regelm√§√üig Durchg√§nge ","",""
"2022/06/09 7:46:23 PM OEZ","√ñsterreich - Graz","weiblich","15-20","Krankenhaus","privat","3","2","2","Sturzmatten welche es erkennen wenn man auf sie steigt","3","2","4 - sehr wichtig","2","3","4 - sehr wichtig","","3","2","4 - sehr wichtig","4 - sehr wichtig","3","4 - sehr wichtig","4 - sehr wichtig","> 8 Stunden","","Altenheim;Pflegeheim;H√§usliche Pflege","100 ‚Ç¨ - 500 ‚Ç¨","einmalig","f√ºr verwirrte √§ltere Patienten z.B. Demenz w√§re ein Roboter sicher hilfreich da die Akzeptanz insbesondere bei einem Roboter in Tierform wahrscheinlich erh√∂ht w√§re","eventuell zus√§tzliche Funktionen wie erkennen von Notsituationen bei Patienten die alleine leben aber pflegebed√ºrftig sind, also Rettung rufen bei Herzstillstand etc.","siehe vorherige Antwort"
"2022/06/09 9:33:45 PM OEZ","Mexico","weiblich","21-24","Krankenhaus","beruflich","3","1 - gar nicht","2","","4 - sehr wichtig","2","4 - sehr wichtig","4 - sehr wichtig","4 - sehr wichtig","4 - sehr wichtig","","3","4 - sehr wichtig","4 - sehr wichtig","3","3","3","3","> 8 Stunden","","Altenheim;Pflegeheim;Krankenhaus","100 ‚Ç¨ - 500 ‚Ç¨","in monatlichen Raten","","",""
"2022/06/09 10:57:25 PM OEZ","Deutschland, Dortmund","weiblich","46-50","H√§usliche Pflege","beruflich","4 - sehr","1 - gar nicht","1 - gar nicht","","4 - sehr wichtig","4 - sehr wichtig","4 - sehr wichtig","4 - sehr wichtig","4 - sehr wichtig","4 - sehr wichtig","","4 - sehr wichtig","2","4 - sehr wichtig","3","2","3","4 - sehr wichtig","> 8 Stunden","","Pflegeheim;H√§usliche Pflege","100 ‚Ç¨ - 500 ‚Ç¨","in monatlichen Raten","Ja","",""
"2022/06/10 9:41:21 AM OEZ","Graz","m√§nnlich","15-20","H√§usliche Pflege","privat","4 - sehr","1 - gar nicht","1 - gar nicht","keine/flache Teppiche, Gel√§nder","4 - sehr wichtig","3","4 - sehr wichtig","4 - sehr wichtig","3","4 - sehr wichtig","","3","4 - sehr wichtig","3","2","3","4 - sehr wichtig","1 - unwichtig","> 8 Stunden","","Pflegeheim;H√§usliche Pflege","100 ‚Ç¨ - 500 ‚Ç¨","einmalig","Ja, da in Pflegeheimen st√ºrze in der Nacht meist erst am morgen entdeckt werden","",""
"2022/06/10 10:49:10 AM OEZ","√ñsterreich, Graz","weiblich","21-24","Krankenhaus","beruflich","4 - sehr","1 - gar nicht","2","keine","2","2","3","4 - sehr wichtig","4 - sehr wichtig","4 - sehr wichtig","","4 - sehr wichtig","2","3","4 - sehr wichtig","2","4 - sehr wichtig","4 - sehr wichtig","> 8 Stunden","","Altenheim;H√§usliche Pflege","> 1.000 ‚Ç¨","einmalig","","",""
"2022/06/10 1:20:47 PM OEZ","Deutschland, M√ºnchen","weiblich","21-24","Krankenhaus","beruflich","3","4 - sehr","1 - gar nicht","Schulungen, Risikoeinsch√§tzung, geeignetes Schuhwerk","4 - sehr wichtig","1 - unwichtig","4 - sehr wichtig","3","4 - sehr wichtig","4 - sehr wichtig","","2","2","4 - sehr wichtig","3","1 - unwichtig","1 - unwichtig","3","> 8 Stunden","","Altenheim;H√§usliche Pflege","> 1.000 ‚Ç¨","einmalig","","",""
"2022/06/10 1:38:23 PM OEZ","Athen, Griechenland","weiblich","31-35","H√§usliche Pflege","privat","4 - sehr","1 - gar nicht","1 - gar nicht","Keine","4 - sehr wichtig","4 - sehr wichtig","4 - sehr wichtig","4 - sehr wichtig","4 - sehr wichtig","4 - sehr wichtig","","4 - sehr wichtig","4 - sehr wichtig","4 - sehr wichtig","1 - unwichtig","4 - sehr wichtig","4 - sehr wichtig","4 - sehr wichtig","> 8 Stunden","","Altenheim;Pflegeheim;Krankenhaus;H√§usliche Pflege","100 ‚Ç¨ - 500 ‚Ç¨","in monatlichen Raten","Ja es kann bessere Plege geben","",""
"2022/06/10 2:48:25 PM OEZ","Berlin, Germany","weiblich","25-30","Krankenhaus","beruflich","4 - sehr","1 - gar nicht","1 - gar nicht","","4 - sehr wichtig","3","3","3","3","2","","4 - sehr wichtig","4 - sehr wichtig","3","4 - sehr wichtig","2","4 - sehr wichtig","4 - sehr wichtig","> 8 Stunden","","Altenheim;Pflegeheim;H√§usliche Pflege","> 1.000 ‚Ç¨","in monatlichen Raten","","",""
"2022/06/10 5:50:31 PM OEZ","Ja","weiblich","21-24","Krankenhaus","privat","4 - sehr","4 - sehr","4 - sehr","Ja","4 - sehr wichtig","4 - sehr wichtig","4 - sehr wichtig","4 - sehr wichtig","4 - sehr wichtig","4 - sehr wichtig","No","4 - sehr wichtig","4 - sehr wichtig","4 - sehr wichtig","4 - sehr wichtig","4 - sehr wichtig","3","4 - sehr wichtig","> 8 Stunden","","H√§usliche Pflege","> 1.000 ‚Ç¨","in monatlichen Raten","Ja","Ich","Nein"
"2022/06/11 10:01:14 AM OEZ","Sachsen-Anhalt, Magdeburg","weiblich","25-30","Krankenhaus","beruflich","4 - sehr","1 - gar nicht","1 - gar nicht","ausreichende Beleuchtung der R√§ume, Haltegriffe","4 - sehr wichtig","3","4 - sehr wichtig","4 - sehr wichtig","4 - sehr wichtig","4 - sehr wichtig","","4 - sehr wichtig","1 - unwichtig","4 - sehr wichtig","4 - sehr wichtig","3","3","3","> 8 Stunden","","Altenheim;Pflegeheim;H√§usliche Pflege","100 ‚Ç¨ - 500 ‚Ç¨","in monatlichen Raten","Ja, ich unterst√ºtze den Einsatz neuer Technologien in der Sturzprophylaxe","freundlicheres Aussehen des Roboters","Der Roboter k√∂nnte im Falle eines Sturzes automatisch einen Krankenwagen rufen"
"2022/06/11 12:42:17 PM OEZ","Polen, Bƒôdzin","weiblich","21-24","Krankenhaus","beruflich","4 - sehr","2","2","Keine","4 - sehr wichtig","4 - sehr wichtig","4 - sehr wichtig","4 - sehr wichtig","4 - sehr wichtig","4 - sehr wichtig","","4 - sehr wichtig","4 - sehr wichtig","4 - sehr wichtig","4 - sehr wichtig","4 - sehr wichtig","4 - sehr wichtig","4 - sehr wichtig","> 24 Stunden","","Altenheim;Pflegeheim;Krankenhaus;H√§usliche Pflege","100 ‚Ç¨ - 500 ‚Ç¨","in monatlichen Raten","Der Einsatz eines Roboters ist sinnvoll, h√§ngt aber von seiner Effektivit√§t ab","seine Effizienz, Betriebsgeschwindigkeit, l√§ngere Batterie, Benachrichtigungssystem f√ºr Sonderdienste, Signale im Falle des Sturzes einer solchen Person","√úberwachung der Person, Senden von Informationen an die Familie, Erinnerung an Medikamente"
"2022/06/12 4:57:20 AM OEZ","Mexico, Monterrey","weiblich","21-24","Krankenhaus","beruflich","4 - sehr","1 - gar nicht","1 - gar nicht","erh√∂hen Sie die Qualit√§t der Bettw√§sche","4 - sehr wichtig","3","4 - sehr wichtig","4 - sehr wichtig","4 - sehr wichtig","3","","4 - sehr wichtig","2","4 - sehr wichtig","3","2","2","3","> 4 Stunden","","Altenheim;Pflegeheim;Krankenhaus;H√§usliche Pflege","100 ‚Ç¨ - 500 ‚Ç¨","in monatlichen Raten","Ja","Batterie","Nein"
"2022/06/12 5:19:51 PM OEZ","Deutschland, Sonsbeck ","m√§nnlich","√úber 60 Jahre","Altenheim","beruflich","4 - sehr","1 - gar nicht","1 - gar nicht","Optimierung der R√§ume, Entfernung von Stolperfallen etc , Einstellung etlicher Alltagsbegleiter","4 - sehr wichtig","3","4 - sehr wichtig","4 - sehr wichtig","4 - sehr wichtig","3","","4 - sehr wichtig","1 - unwichtig","4 - sehr wichtig","4 - sehr wichtig","4 - sehr wichtig","4 - sehr wichtig","4 - sehr wichtig","> 8 Stunden","","Altenheim;H√§usliche Pflege","> 500 ‚Ç¨","in monatlichen Raten","Ja , absolut . Gerade in Altenheimen und in der h√§uslichen Krankenpflege ist eine Entlastung des Pflegepersonals und eine Verbesserung der Versorgungssicherheit dadurch gegeben. ","Meldung eines Sturzereignisses an Handy des Pflegepersonals ","Kontrolle anderer pflegerelevanter Dinge : essen , trinken , verlassen des Raumes/Hauses"
"2022/06/12 5:33:10 PM OEZ","","weiblich","41-45","Altenheim","beruflich","4 - sehr","1 - gar nicht","1 - gar nicht","Vermeidung von Stolperfallen, Teppichen T√ºrschwellen etc","4 - sehr wichtig","3","4 - sehr wichtig","4 - sehr wichtig","4 - sehr wichtig","4 - sehr wichtig","","4 - sehr wichtig","1 - unwichtig","4 - sehr wichtig","4 - sehr wichtig","4 - sehr wichtig","4 - sehr wichtig","4 - sehr wichtig","> 4 Stunden","","Altenheim;Pflegeheim;Krankenhaus;H√§usliche Pflege","100 ‚Ç¨ - 500 ‚Ç¨","in monatlichen Raten","Patienten werden viel schneller gefunden und versorgt ","","Erkennen ob die Person das Haus verl√†sst "
"2022/06/13 12:20:42 AM OEZ","Landshut, Deutschland ","weiblich","15-20","Krankenhaus","beruflich","4 - sehr","1 - gar nicht","1 - gar nicht","Klingelmatten, Niederflurbetten, engmaschiges Monitoring","3","2","4 - sehr wichtig","4 - sehr wichtig","3","4 - sehr wichtig","","3","1 - unwichtig","4 - sehr wichtig","4 - sehr wichtig","2","4 - sehr wichtig","3","> 8 Stunden","","Altenheim;Pflegeheim;H√§usliche Pflege","> 500 ‚Ç¨","einmalig","Ja, besonders in Pflegeheimen oder im h√§uslichen Umfeld kann so sehr viel schneller Hilfe bei St√ºrzen alarmiert werden","",""
"2022/06/13 3:28:14 PM OEZ","√ñsterreich, Kundl","weiblich","21-24","Labor","privat","3","2","1 - gar nicht","Verpflichtendes halten w√§rend dem Treppensteigen, Beschilderung ","3","2","4 - sehr wichtig","2","4 - sehr wichtig","4 - sehr wichtig","","4 - sehr wichtig","2","4 - sehr wichtig","4 - sehr wichtig","2","4 - sehr wichtig","3","> 8 Stunden","","Altenheim;H√§usliche Pflege","100 ‚Ç¨ - 500 ‚Ç¨","in monatlichen Raten","Ja, da es somit nicht notwendig w√§re, dauerhaft Personal zur Verf√ºgung zu stellen","Verschiedene Formen/Tiere anbieten","Kombinieren mit Sprachsteuerung"
"2022/06/13 6:21:20 PM OEZ","√ñsterreich","m√§nnlich","15-20","Krankenhaus","beruflich","4 - sehr","1 - gar nicht","1 - gar nicht","Gehhilfen","3","2","3","4 - sehr wichtig","4 - sehr wichtig","3","","4 - sehr wichtig","3","4 - sehr wichtig","3","1 - unwichtig","4 - sehr wichtig","4 - sehr wichtig","> 8 Stunden","","Altenheim;Pflegeheim;H√§usliche Pflege","100 ‚Ç¨ - 500 ‚Ç¨","einmalig","Ja gerade bei Personen die keine √úberwachung 24/7 haben","Bessere Handlungsm√∂glichkeiten f√ºr die Behandlung/Erste Hilfe","Wesensver√§nderung in der Person, Synkopen wahrnehmen, "
"2022/06/14 7:56:23 AM OEZ","Deutschland M√ºnchen","m√§nnlich","25-30","Arztpraxis","beruflich","4 - sehr","1 - gar nicht","1 - gar nicht","Geschirr das an der Decke befestigt ist.","4 - sehr wichtig","2","4 - sehr wichtig","4 - sehr wichtig","2","4 - sehr wichtig","","4 - sehr wichtig","2","4 - sehr wichtig","2","4 - sehr wichtig","4 - sehr wichtig","4 - sehr wichtig","> 2 Stunden","","Altenheim;Pflegeheim;Krankenhaus;H√§usliche Pflege","> 1.000 ‚Ç¨","in monatlichen Raten","Ja, da auch bei Personalmangel ein Sturz sehr schnell erkannt werden kann.","Soweit keine","Soweit keine"
"2022/06/15 4:53:20 PM OEZ","Kolbermoor","m√§nnlich","51-60","Pflegeheim","beruflich","3","1 - gar nicht","1 - gar nicht","Kraft-Training, Niederflurbetten","4 - sehr wichtig","2","4 - sehr wichtig","3","4 - sehr wichtig","4 - sehr wichtig","","3","3","3","4 - sehr wichtig","3","4 - sehr wichtig","4 - sehr wichtig","> 4 Stunden","","Altenheim;Pflegeheim;Krankenhaus;H√§usliche Pflege","100 ‚Ç¨ - 500 ‚Ç¨","einmalig","Notsituationen schnell erkennen und Alarmschlagen, wegen schneller Hilfe","",""
"2022/06/16 6:12:38 AM OEZ","Deutschland, Rosenheim","m√§nnlich","36-40","Pflegeheim","beruflich","4 - sehr","1 - gar nicht","1 - gar nicht","Safebag, Klingelmatte, ","4 - sehr wichtig","3","4 - sehr wichtig","3","3","3","","3","2","3","4 - sehr wichtig","2","3","4 - sehr wichtig","> 8 Stunden","","Pflegeheim","> 500 ‚Ç¨","einmalig","","",""
"2022/06/16 12:55:57 PM OEZ","Deutschland Aschau im Chiemgau","weiblich","31-35","Pflegeheim","beruflich","3","4 - sehr","1 - gar nicht","Klingelmatte, Sensorleiste, Safebag oder Matratze vor dem Bett, Protectorenhosen","4 - sehr wichtig","4 - sehr wichtig","4 - sehr wichtig","4 - sehr wichtig","4 - sehr wichtig","4 - sehr wichtig","","3","1 - unwichtig","4 - sehr wichtig","4 - sehr wichtig","4 - sehr wichtig","2","4 - sehr wichtig","> 24 Stunden","","Altenheim;Pflegeheim","100 ‚Ç¨ - 500 ‚Ç¨","in monatlichen Raten","Wenn er die oben beschriebenen Funktionen erf√ºllt, dann w√§re er sehr sinnvoll.","",""
"2022/06/17 9:50:31 PM OEZ","Deutschland, Frasdorf","weiblich","51-60","H√§usliche Pflege","beruflich","4 - sehr","1 - gar nicht","1 - gar nicht","Aufkl√§rung und Info der Klienten und Angeh√∂rigen im h√§uslichen Bereich zur Sturzprophylaxe.","4 - sehr wichtig","3","4 - sehr wichtig","4 - sehr wichtig","4 - sehr wichtig","4 - sehr wichtig","","4 - sehr wichtig","4 - sehr wichtig","4 - sehr wichtig","4 - sehr wichtig","3","4 - sehr wichtig","4 - sehr wichtig","> 8 Stunden","","H√§usliche Pflege","100 ‚Ç¨ - 500 ‚Ç¨","in monatlichen Raten","Ja, wenn jemand den Notrufknopf nicht mehr dr√ºcken kann, ist immer noch der Roboter da, der Alarm ausl√∂st.","",""
"2022/06/18 1:51:44 PM OEZ","Deutschland, aschau","weiblich","46-50","H√§usliche Pflege","beruflich","2","4 - sehr","4 - sehr","Teppiche weg, angem. Schuhe, medi‚Äòs richt eingestellt sind, usw","4 - sehr wichtig","4 - sehr wichtig","4 - sehr wichtig","4 - sehr wichtig","4 - sehr wichtig","4 - sehr wichtig","","4 - sehr wichtig","4 - sehr wichtig","4 - sehr wichtig","4 - sehr wichtig","4 - sehr wichtig","4 - sehr wichtig","4 - sehr wichtig","> 24 Stunden","","H√§usliche Pflege","> 1.000 ‚Ç¨","in monatlichen Raten","Jein, bei Personen die nicht technikaffin, k√∂nnte er sinnvoll sein. Es gibt schon smart watches, die einen Sturz melden. ","","Mit eingebauter ruffunktion, wenn jemand gest√ºrzt ist und nicht bewu√ütlos, dann gleich sagen kann ob er alleine aufstehen kann oder Hilfe ben√∂tigt "